<?xml version="1.0" encoding="UTF-8"?>
<metadata xml:lang="en"><Esri><CreaDate>20221026</CreaDate><CreaTime>21445200</CreaTime><ArcGISFormat>1.0</ArcGISFormat><SyncOnce>TRUE</SyncOnce><DataProperties><itemProps><itemLocation><linkage Sync="TRUE">file://\\LAPTOP-M8U7JU6R\E$\Daffa\GIS\Polyline\LCopy.Pante</linkage><protocol Sync="TRUE">Local Area Network</protocol></itemLocation></itemProps><copyHistory><copy source="E:\Daffa\GIS\Polyline\L.Pante" dest="\\LAPTOP-M8U7JU6R\E$\Daffa\GIS\Polyline\LCopy.Pante" date="20221026" time="21445200"></copy></copyHistory></DataProperties></Esri></metadata>
