<?xml version="1.0" encoding="UTF-8"?>
<metadata xml:lang="en"><Esri><CreaDate>20221021</CreaDate><CreaTime>01431300</CreaTime><ArcGISFormat>1.0</ArcGISFormat><SyncOnce>TRUE</SyncOnce><DataProperties><itemProps><itemLocation><linkage Sync="TRUE">file://\\LAPTOP-M8U7JU6R\E$\Daffa\GIS\Polyline\JL. Nelayan\JLCopy. Nelayan</linkage><protocol Sync="TRUE">Local Area Network</protocol></itemLocation></itemProps><copyHistory><copy source="E:\Daffa\GIS\Polyline\JL. Nelayan\JL. Nelayan" dest="\\LAPTOP-M8U7JU6R\E$\Daffa\GIS\Polyline\JL. Nelayan\JLCopy. Nelayan" date="20221021" time="01431300"></copy></copyHistory></DataProperties></Esri></metadata>
