<?xml version="1.0" encoding="UTF-8"?>
<metadata xml:lang="en"><Esri><CreaDate>20221026</CreaDate><CreaTime>11481500</CreaTime><ArcGISFormat>1.0</ArcGISFormat><SyncOnce>TRUE</SyncOnce><DataProperties><itemProps><itemLocation><linkage Sync="TRUE">file://\\LAPTOP-M8U7JU6R\E$\Daffa\GIS\Polyline\JLCopy. TPI</linkage><protocol Sync="TRUE">Local Area Network</protocol></itemLocation></itemProps><copyHistory><copy source="E:\Daffa\GIS\Polyline\JL. TPI" dest="\\LAPTOP-M8U7JU6R\E$\Daffa\GIS\Polyline\JLCopy. TPI" date="20221026" time="11481500"></copy></copyHistory></DataProperties></Esri></metadata>
