<?xml version="1.0" encoding="UTF-8"?>
<metadata xml:lang="en"><Esri><CreaDate>20221025</CreaDate><CreaTime>11342700</CreaTime><ArcGISFormat>1.0</ArcGISFormat><SyncOnce>TRUE</SyncOnce><DataProperties><itemProps><itemLocation><linkage Sync="TRUE">file://\\LAPTOP-M8U7JU6R\E$\Daffa\GIS\Polyline\LCopy. Abi</linkage><protocol Sync="TRUE">Local Area Network</protocol></itemLocation></itemProps><copyHistory><copy source="E:\Daffa\GIS\Polyline\L. Abi" dest="\\LAPTOP-M8U7JU6R\E$\Daffa\GIS\Polyline\LCopy. Abi" date="20221025" time="11342700"></copy></copyHistory></DataProperties></Esri></metadata>
