<?xml version="1.0" encoding="UTF-8"?>
<metadata xml:lang="en"><Esri><CreaDate>20221024</CreaDate><CreaTime>06542600</CreaTime><ArcGISFormat>1.0</ArcGISFormat><SyncOnce>TRUE</SyncOnce><DataProperties><itemProps><itemLocation><linkage Sync="TRUE">file://\\LAPTOP-M8U7JU6R\E$\Daffa\GIS\Polyline\LCopy. Wakparidah</linkage><protocol Sync="TRUE">Local Area Network</protocol></itemLocation></itemProps><copyHistory><copy source="E:\Daffa\GIS\Polyline\L. Wakparidah" dest="\\LAPTOP-M8U7JU6R\E$\Daffa\GIS\Polyline\LCopy. Wakparidah" date="20221024" time="06542600"></copy></copyHistory></DataProperties></Esri></metadata>
