<?xml version="1.0" encoding="UTF-8"?>
<metadata xml:lang="en"><Esri><CreaDate>20221120</CreaDate><CreaTime>08524700</CreaTime><ArcGISFormat>1.0</ArcGISFormat><SyncOnce>TRUE</SyncOnce><DataProperties><lineage><Process ToolSource="c:\program files (x86)\arcgis\desktop10.8\ArcToolbox\Toolboxes\Conversion Tools.tbx\KMLToLayer" Date="20221120" Time="085247">KMLToLayer E:\Daffa\GIS\Point\Rumah.kmz E:\Daffa\GIS\Point Rumah NO_GROUNDOVERLAY</Process><Process ToolSource="c:\program files (x86)\arcgis\desktop10.8\ArcToolbox\Toolboxes\Data Management Tools.tbx\CalculateField" Date="20221201" Time="213804">CalculateField Rumah Id [FID] VB #</Process><Process ToolSource="c:\program files (x86)\arcgis\desktop10.8\ArcToolbox\Toolboxes\Data Management Tools.tbx\CalculateField" Date="20221201" Time="233231">CalculateField Rumah Nama_KK [Pemilik] VB #</Process><Process ToolSource="c:\program files (x86)\arcgis\desktop10.8\ArcToolbox\Toolboxes\Data Management Tools.tbx\CalculateField" Date="20221202" Time="003713">CalculateField Rumah Hunian "[Pria] + [Wanita]" VB #</Process><Process ToolSource="c:\program files (x86)\arcgis\desktop10.8\ArcToolbox\Toolboxes\Data Management Tools.tbx\CalculateField" Date="20221202" Time="004142">CalculateField Rumah Hunian "[Pria] + [Wanita]" VB #</Process><Process ToolSource="c:\program files (x86)\arcgis\desktop10.8\ArcToolbox\Toolboxes\Data Management Tools.tbx\CalculateField" Date="20221202" Time="004420">CalculateField Rumah Hunian "[Pria] + [Wanita]" VB #</Process><Process ToolSource="c:\program files (x86)\arcgis\desktop10.8\ArcToolbox\Toolboxes\Data Management Tools.tbx\CalculateField" Date="20221202" Time="010152">CalculateField Rumah Hunian "[Pria] + [Wanita]" VB #</Process><Process ToolSource="c:\program files (x86)\arcgis\desktop10.8\ArcToolbox\Toolboxes\Data Management Tools.tbx\CalculateField" Date="20221202" Time="010743">CalculateField Rumah Hunian "[Pria] + [Wanita]" VB #</Process><Process ToolSource="c:\program files (x86)\arcgis\desktop10.8\ArcToolbox\Toolboxes\Data Management Tools.tbx\CalculateField" Date="20221216" Time="075940">CalculateField Rumah Id [FID] VB #</Process><Process ToolSource="c:\program files (x86)\arcgis\desktop10.8\ArcToolbox\Toolboxes\Data Management Tools.tbx\CalculateField" Date="20221216" Time="082036">CalculateField Rumah Hunian "[Pria] + [Wanita]" VB #</Process><Process ToolSource="c:\program files (x86)\arcgis\desktop10.8\ArcToolbox\Toolboxes\Data Management Tools.tbx\CalculateField" Date="20221223" Time="103121">CalculateField Polygon\Rumah Jenis [Bangunan] VB #</Process></lineage></DataProperties></Esri></metadata>
