<?xml version="1.0" encoding="UTF-8"?>
<metadata xml:lang="en"><Esri><CreaDate>20221025</CreaDate><CreaTime>20391600</CreaTime><ArcGISFormat>1.0</ArcGISFormat><SyncOnce>TRUE</SyncOnce><DataProperties><itemProps><itemLocation><linkage Sync="TRUE">file://\\LAPTOP-M8U7JU6R\E$\Daffa\GIS\Polyline\JLCopy. Nelayan</linkage><protocol Sync="TRUE">Local Area Network</protocol></itemLocation></itemProps><copyHistory><copy source="E:\Daffa\GIS\Polyline\JL. Nelayan" dest="\\LAPTOP-M8U7JU6R\E$\Daffa\GIS\Polyline\JLCopy. Nelayan" date="20221025" time="20391600"></copy></copyHistory></DataProperties></Esri></metadata>
