<?xml version="1.0" encoding="UTF-8"?>
<metadata xml:lang="en"><Esri><CreaDate>20221223</CreaDate><CreaTime>07493300</CreaTime><ArcGISFormat>1.0</ArcGISFormat><SyncOnce>TRUE</SyncOnce><DataProperties><lineage><Process ToolSource="c:\program files (x86)\arcgis\desktop10.8\ArcToolbox\Toolboxes\Data Management Tools.tbx\CalculateField" Date="20221223" Time="074933">CalculateField "Polygon\Tanah Kosong" Id [FID] VB #</Process><Process ToolSource="c:\program files (x86)\arcgis\desktop10.8\ArcToolbox\Toolboxes\Data Management Tools.tbx\CalculateField" Date="20221223" Time="082340">CalculateField "Polygon\Tanah Kosong" Id [FID] VB #</Process><Process ToolSource="c:\program files (x86)\arcgis\desktop10.8\ArcToolbox\Toolboxes\Data Management Tools.tbx\CalculateField" Date="20221230" Time="090153">CalculateField "Polygon\Tanah Kosong" Id [FID] VB #</Process></lineage></DataProperties></Esri></metadata>
