<?xml version="1.0" encoding="UTF-8"?>
<metadata xml:lang="en"><Esri><CreaDate>20221025</CreaDate><CreaTime>11263500</CreaTime><ArcGISFormat>1.0</ArcGISFormat><SyncOnce>TRUE</SyncOnce><DataProperties><itemProps><itemLocation><linkage Sync="TRUE">file://\\LAPTOP-M8U7JU6R\E$\Daffa\GIS\Polyline\LCopy. Tison</linkage><protocol Sync="TRUE">Local Area Network</protocol></itemLocation></itemProps><copyHistory><copy source="E:\Daffa\GIS\Polyline\L. Tison" dest="\\LAPTOP-M8U7JU6R\E$\Daffa\GIS\Polyline\LCopy. Tison" date="20221025" time="11263500"></copy></copyHistory></DataProperties></Esri></metadata>
